Div,Date,HomeTeam,AwayTeam,Referee,FTHG,FTAG,FTR,HTHG,HTAG,HS,AS,HST,AST,HF,AF,HC,AC,HY,AY,HR,AR,season,source_file,Time,AvgH,AvgD,AvgA,MaxH,MaxD,MaxA,kickoff,match_id,home_win,draw,away_win,total_goals,over_2_5,total_corners,total_sot,total_fouls,total_cards
E0,2025-08-15,Liverpool,Bournemouth,A Taylor,4,2,H,1,0,19,10,10,3,7,10,6,7,1,2,0,0,2025-26,EPL_2025-26.csv,20:00,1.31,5.96,8.31,1.34,6.5,9.5,2025-08-15 20:00:00,20250815_liverpool_bournemouth,1,0,0,6.0,1,13.0,13.0,17.0,3.0
E0,2025-08-16,Aston Villa,Newcastle,C Pawson,0,0,D,0,0,3,16,3,3,13,11,3,6,1,1,1,0,2025-26,EPL_2025-26.csv,12:30,2.3,3.56,2.94,2.38,3.75,3.1,2025-08-16 12:30:00,20250816_astonvilla_newcastle,0,1,0,0.0,0,9.0,6.0,24.0,3.0
E0,2025-08-16,Brighton,Fulham,S Barrott,1,1,D,0,0,10,7,4,2,16,15,4,3,3,3,0,0,2025-26,EPL_2025-26.csv,15:00,1.92,3.62,3.91,1.95,3.75,4.0,2025-08-16 15:00:00,20250816_brighton_fulham,0,1,0,2.0,0,7.0,6.0,31.0,6.0
E0,2025-08-16,Sunderland,West Ham,R Jones,3,0,H,0,0,10,12,5,4,8,10,5,7,0,1,0,0,2025-26,EPL_2025-26.csv,15:00,3.17,3.38,2.26,3.25,3.5,2.3,2025-08-16 15:00:00,20250816_sunderland_westham,1,0,0,3.0,1,12.0,9.0,18.0,1.0
E0,2025-08-16,Tottenham,Burnley,M Oliver,3,0,H,1,0,16,14,6,4,14,8,6,5,0,0,0,0,2025-26,EPL_2025-26.csv,15:00,1.37,4.8,8.3,1.4,5.0,9.5,2025-08-16 15:00:00,20250816_tottenham_burnley,1,0,0,3.0,1,11.0,10.0,22.0,0.0
E0,2025-08-16,Wolves,Man City,J Gillett,0,4,A,0,2,9,15,3,4,13,7,4,6,1,2,0,0,2025-26,EPL_2025-26.csv,17:30,6.73,4.73,1.44,7.5,5.0,1.48,2025-08-16 17:30:00,20250816_wolves_mancity,0,0,1,4.0,1,10.0,7.0,20.0,3.0
E0,2025-08-17,Chelsea,Crystal Palace,D England,0,0,D,0,0,19,12,3,4,10,12,11,2,2,3,0,0,2025-26,EPL_2025-26.csv,14:00,1.61,4.21,5.08,1.64,4.35,5.5,2025-08-17 14:00:00,20250817_chelsea_crystalpalace,0,1,0,0.0,0,13.0,7.0,22.0,5.0
E0,2025-08-17,Nott'm Forest,Brentford,P Bankes,3,1,H,3,0,11,10,5,3,7,15,5,5,1,2,0,0,2025-26,EPL_2025-26.csv,14:00,2.15,3.36,3.43,2.2,3.5,3.55,2025-08-17 14:00:00,20250817_nott'mforest_brentford,1,0,0,4.0,1,10.0,8.0,22.0,3.0
E0,2025-08-17,Man United,Arsenal,S Hooper,0,1,A,0,1,22,9,7,3,10,19,3,4,1,4,0,0,2025-26,EPL_2025-26.csv,16:30,3.57,3.56,2.01,3.75,3.66,2.1,2025-08-17 16:30:00,20250817_manunited_arsenal,0,0,1,1.0,0,7.0,10.0,29.0,5.0
E0,2025-08-18,Leeds,Everton,C Kavanagh,1,0,H,0,0,21,7,3,1,6,8,7,2,0,2,0,0,2025-26,EPL_2025-26.csv,20:00,2.39,3.29,2.96,2.5,3.5,3.05,2025-08-18 20:00:00,20250818_leeds_everton,1,0,0,1.0,0,9.0,4.0,14.0,2.0
E0,2025-08-22,West Ham,Chelsea,M Oliver,1,5,A,1,3,12,12,4,7,7,10,7,5,0,1,0,0,2025-26,EPL_2025-26.csv,20:00,4.68,3.88,1.71,5.0,4.0,1.76,2025-08-22 20:00:00,20250822_westham_chelsea,0,0,1,6.0,1,12.0,11.0,17.0,1.0
E0,2025-08-23,Man City,Tottenham,P Bankes,0,2,A,0,2,10,12,4,5,7,12,7,2,1,4,0,0,2025-26,EPL_2025-26.csv,12:30,1.48,4.7,6.08,1.5,5.0,6.5,2025-08-23 12:30:00,20250823_mancity_tottenham,0,0,1,2.0,0,9.0,9.0,19.0,5.0
E0,2025-08-23,Bournemouth,Wolves,T Bramall,1,0,H,1,0,14,6,4,1,13,16,8,3,2,4,0,1,2025-26,EPL_2025-26.csv,15:00,1.79,3.88,4.24,1.82,4.0,4.5,2025-08-23 15:00:00,20250823_bournemouth_wolves,1,0,0,1.0,0,11.0,5.0,29.0,7.0
E0,2025-08-23,Brentford,Aston Villa,T Harrington,1,0,H,1,0,9,17,2,2,11,9,2,9,1,2,0,0,2025-26,EPL_2025-26.csv,15:00,3.11,3.53,2.21,3.2,3.66,2.3,2025-08-23 15:00:00,20250823_brentford_astonvilla,1,0,0,1.0,0,11.0,4.0,20.0,3.0
E0,2025-08-23,Burnley,Sunderland,M Salisbury,2,0,H,0,0,7,9,2,1,9,5,4,3,0,1,0,0,2025-26,EPL_2025-26.csv,15:00,2.25,3.16,3.42,2.3,3.25,3.6,2025-08-23 15:00:00,20250823_burnley_sunderland,1,0,0,2.0,0,7.0,3.0,14.0,1.0
E0,2025-08-23,Arsenal,Leeds,J Gillett,5,0,H,2,0,18,3,5,1,8,11,2,2,0,2,0,0,2025-26,EPL_2025-26.csv,17:30,1.27,5.93,10.61,1.29,6.25,12.0,2025-08-23 17:30:00,20250823_arsenal_leeds,1,0,0,5.0,1,4.0,6.0,19.0,2.0
E0,2025-08-24,Crystal Palace,Nott'm Forest,A Taylor,1,1,D,1,0,8,9,4,1,11,11,1,3,3,3,0,0,2025-26,EPL_2025-26.csv,14:00,2.35,3.26,3.07,2.4,3.3,3.2,2025-08-24 14:00:00,20250824_crystalpalace_nott'mforest,0,1,0,2.0,0,4.0,5.0,22.0,6.0
E0,2025-08-24,Everton,Brighton,S Attwell,2,0,H,1,0,11,13,3,4,7,15,2,2,4,3,0,0,2025-26,EPL_2025-26.csv,14:00,3.08,3.3,2.32,3.25,3.4,2.4,2025-08-24 14:00:00,20250824_everton_brighton,1,0,0,2.0,0,4.0,7.0,22.0,7.0
E0,2025-08-24,Fulham,Man United,C Kavanagh,1,1,D,0,0,13,10,4,3,12,10,9,6,1,1,0,0,2025-26,EPL_2025-26.csv,16:30,3.27,3.53,2.13,3.35,3.65,2.2,2025-08-24 16:30:00,20250824_fulham_manunited,0,1,0,2.0,0,15.0,7.0,22.0,2.0
E0,2025-08-25,Newcastle,Liverpool,S Hooper,2,3,A,0,1,10,5,3,4,17,15,7,1,2,3,1,0,2025-26,EPL_2025-26.csv,20:00,3.3,3.83,2.02,3.45,4.0,2.1,2025-08-25 20:00:00,20250825_newcastle_liverpool,0,0,1,5.0,1,8.0,7.0,32.0,6.0
E0,2025-08-30,Chelsea,Fulham,R Jones,2,0,H,1,0,13,11,6,3,11,17,6,4,2,2,0,0,2025-26,EPL_2025-26.csv,12:30,1.55,4.35,5.6,1.57,4.5,6.0,2025-08-30 12:30:00,20250830_chelsea_fulham,1,0,0,2.0,0,10.0,9.0,28.0,4.0
E0,2025-08-30,Sunderland,Brentford,A Taylor,2,1,H,0,0,12,7,3,4,11,12,3,4,3,2,0,0,2025-26,EPL_2025-26.csv,15:00,2.92,3.27,2.46,3.0,3.35,2.54,2025-08-30 15:00:00,20250830_sunderland_brentford,1,0,0,3.0,1,7.0,7.0,23.0,5.0
E0,2025-08-30,Man United,Burnley,S Barrott,3,2,H,1,0,26,6,6,3,9,9,7,1,1,5,0,0,2025-26,EPL_2025-26.csv,15:00,1.35,5.15,8.28,1.4,5.5,9.0,2025-08-30 15:00:00,20250830_manunited_burnley,1,0,0,5.0,1,8.0,9.0,18.0,6.0
E0,2025-08-30,Wolves,Everton,M Oliver,2,3,A,1,2,12,10,4,4,15,10,2,2,0,1,0,0,2025-26,EPL_2025-26.csv,15:00,2.66,3.19,2.74,2.75,3.3,2.8,2025-08-30 15:00:00,20250830_wolves_everton,0,0,1,5.0,1,4.0,8.0,25.0,1.0
E0,2025-08-30,Tottenham,Bournemouth,S Hooper,0,1,A,0,1,5,20,1,6,17,13,0,8,2,4,0,0,2025-26,EPL_2025-26.csv,15:00,1.73,4.06,4.29,1.76,4.25,4.5,2025-08-30 15:00:00,20250830_tottenham_bournemouth,0,0,1,1.0,0,8.0,7.0,30.0,6.0
E0,2025-08-30,Leeds,Newcastle,P Bankes,0,0,D,0,0,10,8,1,2,10,15,5,5,1,1,0,0,2025-26,EPL_2025-26.csv,17:30,3.37,3.49,2.12,3.5,3.6,2.2,2025-08-30 17:30:00,20250830_leeds_newcastle,0,1,0,0.0,0,10.0,3.0,25.0,2.0
E0,2025-08-31,Brighton,Man City,D England,2,1,H,0,1,12,12,7,3,16,14,3,2,2,2,0,0,2025-26,EPL_2025-26.csv,14:00,3.78,3.84,1.85,4.0,4.0,1.91,2025-08-31 14:00:00,20250831_brighton_mancity,1,0,0,3.0,1,5.0,10.0,30.0,4.0
E0,2025-08-31,Nott'm Forest,West Ham,C Pawson,0,3,A,0,0,11,12,3,8,14,6,9,7,0,0,0,0,2025-26,EPL_2025-26.csv,14:00,1.69,3.74,5.03,1.73,3.85,5.5,2025-08-31 14:00:00,20250831_nott'mforest_westham,0,0,1,3.0,1,16.0,11.0,20.0,0.0
E0,2025-08-31,Liverpool,Arsenal,C Kavanagh,1,0,H,0,0,9,11,3,1,7,10,3,8,2,2,0,0,2025-26,EPL_2025-26.csv,16:30,2.2,3.49,3.17,2.25,3.6,3.25,2025-08-31 16:30:00,20250831_liverpool_arsenal,1,0,0,1.0,0,11.0,4.0,17.0,4.0
E0,2025-08-31,Aston Villa,Crystal Palace,S Attwell,0,3,A,0,1,13,6,4,4,7,14,10,1,2,3,0,0,2025-26,EPL_2025-26.csv,19:00,1.88,3.56,4.07,1.95,3.75,4.2,2025-08-31 19:00:00,20250831_astonvilla_crystalpalace,0,0,1,3.0,1,11.0,8.0,21.0,5.0
E0,2025-09-13,Arsenal,Nott'm Forest,D England,3,0,H,1,0,16,5,5,1,8,11,8,4,1,1,0,0,2025-26,EPL_2025-26.csv,12:30,1.38,4.85,8.16,1.42,5.0,9.0,2025-09-13 12:30:00,20250913_arsenal_nott'mforest,1,0,0,3.0,1,12.0,6.0,19.0,2.0
E0,2025-09-13,Bournemouth,Brighton,P Bankes,2,1,H,1,0,13,6,5,2,16,10,4,4,4,4,0,0,2025-26,EPL_2025-26.csv,15:00,2.38,3.5,2.87,2.43,3.65,3.0,2025-09-13 15:00:00,20250913_bournemouth_brighton,1,0,0,3.0,1,8.0,7.0,26.0,8.0
E0,2025-09-13,Crystal Palace,Sunderland,T Bramall,0,0,D,0,0,14,6,6,0,10,8,5,3,1,1,0,0,2025-26,EPL_2025-26.csv,15:00,1.66,3.76,5.42,1.71,4.1,6.0,2025-09-13 15:00:00,20250913_crystalpalace_sunderland,0,1,0,0.0,0,8.0,6.0,18.0,2.0
E0,2025-09-13,Everton,Aston Villa,S Hooper,0,0,D,0,0,20,7,2,1,17,15,10,3,3,3,0,0,2025-26,EPL_2025-26.csv,15:00,2.44,3.27,2.95,2.5,3.4,3.05,2025-09-13 15:00:00,20250913_everton_astonvilla,0,1,0,0.0,0,13.0,3.0,32.0,6.0
E0,2025-09-13,Fulham,Leeds,C Pawson,1,0,H,0,0,5,10,3,3,20,15,3,3,1,2,0,0,2025-26,EPL_2025-26.csv,15:00,1.96,3.51,3.89,2.0,3.65,4.1,2025-09-13 15:00:00,20250913_fulham_leeds,1,0,0,1.0,0,6.0,6.0,35.0,3.0
E0,2025-09-13,Newcastle,Wolves,C Kavanagh,1,0,H,1,0,16,8,4,3,10,17,10,4,1,4,0,0,2025-26,EPL_2025-26.csv,15:00,1.43,4.62,7.45,1.44,4.8,8.5,2025-09-13 15:00:00,20250913_newcastle_wolves,1,0,0,1.0,0,14.0,7.0,27.0,5.0
E0,2025-09-13,West Ham,Tottenham,J Gillett,0,3,A,0,0,7,14,4,5,8,7,2,13,0,1,1,0,2025-26,EPL_2025-26.csv,17:30,3.36,3.56,2.1,3.5,3.75,2.12,2025-09-13 17:30:00,20250913_westham_tottenham,0,0,1,3.0,1,15.0,9.0,15.0,2.0
E0,2025-09-13,Brentford,Chelsea,S Attwell,2,2,D,1,0,7,16,4,6,13,9,5,6,3,2,0,0,2025-26,EPL_2025-26.csv,20:00,4.54,3.92,1.73,4.8,4.1,1.75,2025-09-13 20:00:00,20250913_brentford_chelsea,0,1,0,4.0,1,11.0,10.0,22.0,5.0
E0,2025-09-14,Burnley,Liverpool,M Oliver,0,1,A,0,0,3,27,0,4,9,9,1,13,0,2,0,0,2025-26,EPL_2025-26.csv,14:00,8.6,5.43,1.33,9.5,5.6,1.35,2025-09-14 14:00:00,20250914_burnley_liverpool,0,0,1,1.0,0,14.0,4.0,18.0,2.0
E0,2025-09-14,Man City,Man United,A Taylor,3,0,H,1,0,13,12,6,2,8,8,2,4,0,0,0,0,2025-26,EPL_2025-26.csv,16:30,1.76,3.99,4.19,1.8,4.3,4.5,2025-09-14 16:30:00,20250914_mancity_manunited,1,0,0,3.0,1,6.0,8.0,16.0,0.0
E0,2025-09-20,Liverpool,Everton,D England,2,1,H,2,0,11,9,3,2,11,10,5,4,2,3,0,0,2025-26,EPL_2025-26.csv,12:30,1.45,4.65,6.7,1.48,4.8,7.5,2025-09-20 12:30:00,20250920_liverpool_everton,1,0,0,3.0,1,9.0,5.0,21.0,5.0
E0,2025-09-20,Brighton,Tottenham,C Kavanagh,2,2,D,2,1,12,11,4,3,10,13,2,10,1,2,0,0,2025-26,EPL_2025-26.csv,15:00,2.25,3.61,3.0,2.28,3.75,3.1,2025-09-20 15:00:00,20250920_brighton_tottenham,0,1,0,4.0,1,12.0,7.0,23.0,3.0
E0,2025-09-20,Burnley,Nott'm Forest,T Bramall,1,1,D,1,1,12,17,5,8,12,11,4,5,1,1,0,0,2025-26,EPL_2025-26.csv,15:00,3.36,3.37,2.18,3.5,3.5,2.2,2025-09-20 15:00:00,20250920_burnley_nott'mforest,0,1,0,2.0,0,9.0,13.0,23.0,2.0
E0,2025-09-20,West Ham,Crystal Palace,T Harrington,1,2,A,0,1,8,18,3,3,15,5,8,8,3,3,0,0,2025-26,EPL_2025-26.csv,15:00,2.98,3.36,2.37,3.1,3.5,2.4,2025-09-20 15:00:00,20250920_westham_crystalpalace,0,0,1,3.0,1,16.0,6.0,20.0,6.0
E0,2025-09-20,Wolves,Leeds,A Taylor,1,3,A,1,3,16,6,6,4,11,9,4,0,1,1,0,0,2025-26,EPL_2025-26.csv,15:00,2.67,3.16,2.74,2.71,3.25,2.8,2025-09-20 15:00:00,20250920_wolves_leeds,0,0,1,4.0,1,4.0,10.0,20.0,2.0
E0,2025-09-20,Man United,Chelsea,P Bankes,2,1,H,2,0,11,5,4,1,13,14,5,5,0,5,1,1,2025-26,EPL_2025-26.csv,17:30,2.68,3.69,2.44,2.8,3.8,2.5,2025-09-20 17:30:00,20250920_manunited_chelsea,1,0,0,3.0,1,10.0,5.0,27.0,7.0
E0,2025-09-20,Fulham,Brentford,M Oliver,3,1,H,2,1,14,8,3,3,11,13,2,10,4,1,0,0,2025-26,EPL_2025-26.csv,20:00,2.02,3.48,3.69,2.05,3.6,4.0,2025-09-20 20:00:00,20250920_fulham_brentford,1,0,0,4.0,1,12.0,6.0,24.0,5.0
E0,2025-09-21,Bournemouth,Newcastle,R Jones,0,0,D,0,0,11,4,2,1,7,10,5,2,2,1,0,0,2025-26,EPL_2025-26.csv,14:00,2.44,3.45,2.78,2.54,3.6,2.88,2025-09-21 14:00:00,20250921_bournemouth_newcastle,0,1,0,0.0,0,7.0,3.0,17.0,3.0
E0,2025-09-21,Sunderland,Aston Villa,S Barrott,1,1,D,0,0,14,12,4,2,14,8,6,5,2,1,1,0,2025-26,EPL_2025-26.csv,14:00,3.56,3.34,2.1,3.75,3.5,2.12,2025-09-21 14:00:00,20250921_sunderland_astonvilla,0,1,0,2.0,0,11.0,6.0,22.0,4.0
E0,2025-09-21,Arsenal,Man City,S Attwell,1,1,D,0,1,12,5,3,3,11,10,11,2,1,2,0,0,2025-26,EPL_2025-26.csv,16:30,1.9,3.7,3.85,1.95,3.9,4.0,2025-09-21 16:30:00,20250921_arsenal_mancity,0,1,0,2.0,0,13.0,6.0,21.0,3.0
E0,2025-09-27,Brentford,Man United,C Pawson,3,1,H,2,1,10,14,8,6,14,10,4,2,2,2,0,0,2025-26,EPL_2025-26.csv,12:30,3.4,3.77,2.02,3.5,4.0,2.1,2025-09-27 12:30:00,20250927_brentford_manunited,1,0,0,4.0,1,6.0,14.0,24.0,4.0
E0,2025-09-27,Chelsea,Brighton,S Hooper,1,3,A,1,0,13,12,3,3,9,16,5,7,3,5,1,0,2025-26,EPL_2025-26.csv,15:00,1.86,3.86,3.86,1.91,4.0,4.1,2025-09-27 15:00:00,20250927_chelsea_brighton,0,0,1,4.0,1,12.0,6.0,25.0,9.0
E0,2025-09-27,Crystal Palace,Liverpool,C Kavanagh,2,1,H,1,0,16,20,7,4,10,8,2,6,1,3,0,0,2025-26,EPL_2025-26.csv,15:00,3.82,3.72,1.91,4.0,3.8,1.95,2025-09-27 15:00:00,20250927_crystalpalace_liverpool,1,0,0,3.0,1,8.0,11.0,18.0,4.0
E0,2025-09-27,Leeds,Bournemouth,M Oliver,2,2,D,1,1,19,12,8,5,12,13,7,4,2,2,0,0,2025-26,EPL_2025-26.csv,15:00,2.98,3.29,2.41,3.1,3.4,2.5,2025-09-27 15:00:00,20250927_leeds_bournemouth,0,1,0,4.0,1,11.0,13.0,25.0,4.0
E0,2025-09-27,Man City,Burnley,R Jones,5,1,H,1,1,21,9,8,2,5,7,10,2,1,3,0,0,2025-26,EPL_2025-26.csv,15:00,1.17,7.48,15.54,1.19,8.0,17.0,2025-09-27 15:00:00,20250927_mancity_burnley,1,0,0,6.0,1,12.0,10.0,12.0,4.0
E0,2025-09-27,Nott'm Forest,Sunderland,T Harrington,0,1,A,0,1,22,11,6,3,11,6,7,4,4,2,0,0,2025-26,EPL_2025-26.csv,17:30,1.77,3.67,4.64,1.8,3.75,5.0,2025-09-27 17:30:00,20250927_nott'mforest_sunderland,0,0,1,1.0,0,11.0,9.0,17.0,6.0
E0,2025-09-27,Tottenham,Wolves,M Salisbury,1,1,D,0,0,10,9,3,3,9,11,10,9,3,2,0,0,2025-26,EPL_2025-26.csv,20:00,1.47,4.57,6.38,1.5,4.9,7.0,2025-09-27 20:00:00,20250927_tottenham_wolves,0,1,0,2.0,0,19.0,6.0,20.0,5.0
E0,2025-09-28,Aston Villa,Fulham,A Madley,3,1,H,1,1,9,11,4,4,10,13,2,8,1,4,0,0,2025-26,EPL_2025-26.csv,14:00,2.29,3.19,3.3,2.35,3.3,3.4,2025-09-28 14:00:00,20250928_astonvilla_fulham,1,0,0,4.0,1,10.0,8.0,23.0,5.0
E0,2025-09-28,Newcastle,Arsenal,J Gillett,1,2,A,1,0,8,20,3,7,8,9,7,12,2,1,0,0,2025-26,EPL_2025-26.csv,16:30,3.51,3.32,2.12,3.66,3.4,2.2,2025-09-28 16:30:00,20250928_newcastle_arsenal,0,0,1,3.0,1,19.0,10.0,17.0,3.0
E0,2025-09-29,Everton,West Ham,S Barrott,1,1,D,1,0,12,14,6,3,7,16,3,5,3,4,0,0,2025-26,EPL_2025-26.csv,20:00,1.72,3.69,4.83,1.76,3.75,5.0,2025-09-29 20:00:00,20250929_everton_westham,0,1,0,2.0,0,8.0,9.0,23.0,7.0
E0,2025-10-03,Bournemouth,Fulham,S Hooper,3,1,H,0,0,11,12,6,4,8,10,4,3,0,1,0,0,2025-26,EPL_2025-26.csv,20:00,1.97,3.5,3.85,2.0,3.6,4.0,2025-10-03 20:00:00,20251003_bournemouth_fulham,1,0,0,4.0,1,7.0,10.0,18.0,1.0
E0,2025-10-04,Leeds,Tottenham,T Bramall,1,2,A,1,1,16,9,4,3,10,12,4,1,2,3,0,0,2025-26,EPL_2025-26.csv,12:30,2.75,3.46,2.49,2.88,3.55,2.55,2025-10-04 12:30:00,20251004_leeds_tottenham,0,0,1,3.0,1,5.0,7.0,22.0,5.0
E0,2025-10-04,Arsenal,West Ham,J Brooks,2,0,H,1,0,21,4,5,0,14,14,8,3,0,2,0,0,2025-26,EPL_2025-26.csv,15:00,1.19,6.83,15.25,1.2,7.5,17.0,2025-10-04 15:00:00,20251004_arsenal_westham,1,0,0,2.0,0,11.0,5.0,28.0,2.0
E0,2025-10-04,Man United,Sunderland,S Attwell,2,0,H,2,0,15,8,6,3,10,12,2,3,1,4,0,0,2025-26,EPL_2025-26.csv,15:00,1.5,4.55,5.98,1.53,4.75,6.5,2025-10-04 15:00:00,20251004_manunited_sunderland,1,0,0,2.0,0,5.0,9.0,22.0,5.0
E0,2025-10-04,Chelsea,Liverpool,A Taylor,2,1,H,1,0,12,12,6,2,9,8,7,2,0,2,0,0,2025-26,EPL_2025-26.csv,17:30,2.87,3.7,2.28,2.95,3.8,2.38,2025-10-04 17:30:00,20251004_chelsea_liverpool,1,0,0,3.0,1,9.0,8.0,17.0,2.0
E0,2025-10-05,Everton,Crystal Palace,M Salisbury,2,1,H,0,1,14,15,7,8,13,16,2,4,2,3,0,0,2025-26,EPL_2025-26.csv,14:00,2.53,3.21,2.89,2.65,3.25,3.0,2025-10-05 14:00:00,20251005_everton_crystalpalace,1,0,0,3.0,1,6.0,15.0,29.0,5.0
E0,2025-10-05,Aston Villa,Burnley,A Kitchen,2,1,H,1,0,15,5,7,2,9,15,6,4,3,1,0,0,2025-26,EPL_2025-26.csv,14:00,1.59,4.0,5.76,1.62,4.2,6.0,2025-10-05 14:00:00,20251005_astonvilla_burnley,1,0,0,3.0,1,10.0,9.0,24.0,4.0
E0,2025-10-05,Wolves,Brighton,J Gillett,1,1,D,1,0,6,17,3,6,13,9,2,8,2,4,0,0,2025-26,EPL_2025-26.csv,14:00,3.67,3.6,1.99,3.85,3.7,2.0,2025-10-05 14:00:00,20251005_wolves_brighton,0,1,0,2.0,0,10.0,9.0,22.0,6.0
E0,2025-10-05,Newcastle,Nott'm Forest,P Bankes,2,0,H,0,0,18,5,9,4,16,15,8,1,0,4,0,0,2025-26,EPL_2025-26.csv,14:00,1.58,4.21,5.46,1.61,4.4,5.75,2025-10-05 14:00:00,20251005_newcastle_nott'mforest,1,0,0,2.0,0,9.0,13.0,31.0,4.0
E0,2025-10-05,Brentford,Man City,D England,0,1,A,0,1,6,10,1,4,10,6,3,2,3,2,0,0,2025-26,EPL_2025-26.csv,16:30,4.73,4.27,1.64,5.0,4.5,1.67,2025-10-05 16:30:00,20251005_brentford_mancity,0,0,1,1.0,0,5.0,5.0,16.0,5.0
E0,2025-10-18,Nott'm Forest,Chelsea,C Kavanagh,0,3,A,0,0,12,17,2,6,13,16,5,2,2,2,0,1,2025-26,EPL_2025-26.csv,12:30,3.75,3.74,1.93,3.85,3.85,1.95,2025-10-18 12:30:00,20251018_nott'mforest_chelsea,0,0,1,3.0,1,7.0,8.0,29.0,5.0
E0,2025-10-18,Brighton,Newcastle,C Pawson,2,1,H,1,0,13,16,5,3,9,9,8,4,0,1,0,0,2025-26,EPL_2025-26.csv,15:00,2.61,3.48,2.62,2.75,3.66,2.65,2025-10-18 15:00:00,20251018_brighton_newcastle,1,0,0,3.0,1,12.0,8.0,18.0,1.0
E0,2025-10-18,Burnley,Leeds,T Robinson,2,0,H,1,0,4,19,3,4,10,7,1,5,2,1,0,0,2025-26,EPL_2025-26.csv,15:00,3.3,3.25,2.26,3.45,3.33,2.3,2025-10-18 15:00:00,20251018_burnley_leeds,1,0,0,2.0,0,6.0,7.0,17.0,3.0
E0,2025-10-18,Crystal Palace,Bournemouth,J Gillett,3,3,D,0,2,20,8,7,5,8,16,6,5,1,4,0,0,2025-26,EPL_2025-26.csv,15:00,2.25,3.35,3.22,2.3,3.4,3.35,2025-10-18 15:00:00,20251018_crystalpalace_bournemouth,0,1,0,6.0,1,11.0,12.0,24.0,5.0
E0,2025-10-18,Man City,Everton,T Harrington,2,0,H,0,0,19,5,7,1,8,14,11,3,0,2,0,0,2025-26,EPL_2025-26.csv,15:00,1.38,4.92,7.91,1.41,5.25,9.0,2025-10-18 15:00:00,20251018_mancity_everton,1,0,0,2.0,0,14.0,8.0,22.0,2.0
E0,2025-10-18,Sunderland,Wolves,R Jones,2,0,H,1,0,8,16,2,3,5,12,3,2,0,0,0,0,2025-26,EPL_2025-26.csv,15:00,2.46,3.07,3.13,2.5,3.15,3.25,2025-10-18 15:00:00,20251018_sunderland_wolves,1,0,0,2.0,0,5.0,5.0,17.0,0.0
E0,2025-10-18,Fulham,Arsenal,A Taylor,0,1,A,0,0,9,16,0,5,11,4,6,10,0,0,0,0,2025-26,EPL_2025-26.csv,17:30,6.14,4.13,1.54,6.5,4.4,1.57,2025-10-18 17:30:00,20251018_fulham_arsenal,0,0,1,1.0,0,16.0,5.0,15.0,0.0
E0,2025-10-19,Tottenham,Aston Villa,S Hooper,1,2,A,1,1,9,8,3,2,11,7,6,6,2,0,0,0,2025-26,EPL_2025-26.csv,14:00,2.06,3.56,3.42,2.15,3.7,3.5,2025-10-19 14:00:00,20251019_tottenham_astonvilla,0,0,1,3.0,1,12.0,5.0,18.0,2.0
E0,2025-10-19,Liverpool,Man United,M Oliver,1,2,A,0,1,19,12,6,4,8,14,9,4,0,2,0,0,2025-26,EPL_2025-26.csv,16:30,1.6,4.4,4.89,1.62,4.7,5.1,2025-10-19 16:30:00,20251019_liverpool_manunited,0,0,1,3.0,1,13.0,10.0,22.0,2.0
E0,2025-10-20,West Ham,Brentford,A Madley,0,2,A,0,1,7,22,1,7,10,10,6,10,1,1,0,0,2025-26,EPL_2025-26.csv,20:00,2.46,3.37,2.82,2.5,3.55,2.95,2025-10-20 20:00:00,20251020_westham_brentford,0,0,1,2.0,0,16.0,8.0,20.0,2.0
E0,2025-10-24,Leeds,West Ham,S Attwell,2,1,H,2,0,13,9,5,3,12,11,3,4,3,3,0,0,2025-26,EPL_2025-26.csv,20:00,1.81,3.57,4.59,1.83,3.65,5.0,2025-10-24 20:00:00,20251024_leeds_westham,1,0,0,3.0,1,7.0,8.0,23.0,6.0
E0,2025-10-25,Chelsea,Sunderland,A Madley,1,2,A,1,1,16,10,7,4,15,13,9,1,1,1,0,0,2025-26,EPL_2025-26.csv,15:00,1.37,4.99,8.31,1.42,5.25,9.5,2025-10-25 15:00:00,20251025_chelsea_sunderland,0,0,1,3.0,1,10.0,11.0,28.0,2.0
E0,2025-10-25,Newcastle,Fulham,P Bankes,2,1,H,1,0,18,12,7,5,11,18,4,3,0,2,0,0,2025-26,EPL_2025-26.csv,15:00,1.62,3.97,5.44,1.64,4.1,6.0,2025-10-25 15:00:00,20251025_newcastle_fulham,1,0,0,3.0,1,7.0,12.0,29.0,2.0
E0,2025-10-25,Man United,Brighton,A Taylor,4,2,H,2,0,13,17,9,5,4,13,1,6,2,2,0,0,2025-26,EPL_2025-26.csv,17:30,2.0,3.83,3.45,2.05,4.0,3.6,2025-10-25 17:30:00,20251025_manunited_brighton,1,0,0,6.0,1,7.0,14.0,17.0,4.0
E0,2025-10-25,Brentford,Liverpool,S Hooper,3,2,H,2,1,17,18,8,5,7,10,5,4,3,2,0,0,2025-26,EPL_2025-26.csv,20:00,4.28,4.13,1.73,4.5,4.2,1.78,2025-10-25 20:00:00,20251025_brentford_liverpool,1,0,0,5.0,1,9.0,13.0,17.0,5.0
E0,2025-10-26,Arsenal,Crystal Palace,T Bramall,1,0,H,1,0,10,7,3,1,6,11,4,3,0,0,0,0,2025-26,EPL_2025-26.csv,14:00,1.41,4.6,7.76,1.44,4.75,8.7,2025-10-26 14:00:00,20251026_arsenal_crystalpalace,1,0,0,1.0,0,7.0,4.0,17.0,0.0
E0,2025-10-26,Aston Villa,Man City,M Oliver,1,0,H,1,0,9,18,3,4,8,16,5,6,1,4,0,0,2025-26,EPL_2025-26.csv,14:00,4.08,3.8,1.83,4.33,4.0,1.89,2025-10-26 14:00:00,20251026_astonvilla_mancity,1,0,0,1.0,0,11.0,7.0,24.0,5.0
E0,2025-10-26,Bournemouth,Nott'm Forest,S Barrott,2,0,H,2,0,13,8,5,4,17,7,6,4,3,1,0,0,2025-26,EPL_2025-26.csv,14:00,1.79,3.79,4.29,1.81,3.95,4.6,2025-10-26 14:00:00,20251026_bournemouth_nott'mforest,1,0,0,2.0,0,10.0,9.0,24.0,4.0
E0,2025-10-26,Wolves,Burnley,T Harrington,2,3,A,2,2,15,11,7,7,12,7,5,3,1,0,0,0,2025-26,EPL_2025-26.csv,14:00,1.97,3.3,4.06,2.0,3.4,4.25,2025-10-26 14:00:00,20251026_wolves_burnley,0,0,1,5.0,1,8.0,14.0,19.0,1.0
E0,2025-10-26,Everton,Tottenham,C Pawson,0,3,A,0,2,12,7,2,4,9,8,9,8,2,0,0,0,2025-26,EPL_2025-26.csv,16:30,2.35,3.38,2.99,2.4,3.4,3.15,2025-10-26 16:30:00,20251026_everton_tottenham,0,0,1,3.0,1,17.0,6.0,17.0,2.0
E0,2025-11-01,Brighton,Leeds,M Oliver,3,0,H,1,0,14,5,7,2,10,7,4,7,0,1,0,0,2025-26,EPL_2025-26.csv,15:00,1.85,3.74,4.11,1.91,3.9,4.33,2025-11-01 15:00:00,20251101_brighton_leeds,1,0,0,3.0,1,11.0,9.0,17.0,1.0
E0,2025-11-01,Burnley,Arsenal,C Kavanagh,0,2,A,0,2,3,12,0,8,10,13,1,6,2,1,0,0,2025-26,EPL_2025-26.csv,15:00,10.97,5.65,1.28,13.0,6.0,1.29,2025-11-01 15:00:00,20251101_burnley_arsenal,0,0,1,2.0,0,7.0,8.0,23.0,3.0
E0,2025-11-01,Crystal Palace,Brentford,P Bankes,2,0,H,1,0,9,6,2,2,7,11,6,5,0,3,0,0,2025-26,EPL_2025-26.csv,15:00,1.92,3.65,3.85,1.95,3.75,4.1,2025-11-01 15:00:00,20251101_crystalpalace_brentford,1,0,0,2.0,0,11.0,4.0,18.0,3.0
E0,2025-11-01,Fulham,Wolves,J Brooks,3,0,H,1,0,19,5,6,2,13,14,10,1,1,3,0,1,2025-26,EPL_2025-26.csv,15:00,1.84,3.46,4.51,1.87,3.65,4.8,2025-11-01 15:00:00,20251101_fulham_wolves,1,0,0,3.0,1,11.0,8.0,27.0,5.0
E0,2025-11-01,Nott'm Forest,Man United,D England,2,2,D,0,1,17,18,3,7,10,7,8,5,1,1,0,0,2025-26,EPL_2025-26.csv,15:00,3.41,3.67,2.05,3.6,3.8,2.1,2025-11-01 15:00:00,20251101_nott'mforest_manunited,0,1,0,4.0,1,13.0,10.0,17.0,2.0
E0,2025-11-01,Tottenham,Chelsea,J Gillett,0,1,A,0,1,3,15,1,9,14,12,6,5,4,2,0,0,2025-26,EPL_2025-26.csv,17:30,2.71,3.52,2.5,2.8,3.6,2.6,2025-11-01 17:30:00,20251101_tottenham_chelsea,0,0,1,1.0,0,11.0,10.0,26.0,6.0
E0,2025-11-01,Liverpool,Aston Villa,S Attwell,2,0,H,1,0,16,10,4,3,13,11,1,4,2,3,0,0,2025-26,EPL_2025-26.csv,20:00,1.63,4.32,4.81,1.67,4.5,5.0,2025-11-01 20:00:00,20251101_liverpool_astonvilla,1,0,0,2.0,0,5.0,7.0,24.0,5.0
E0,2025-11-02,West Ham,Newcastle,R Jones,3,1,H,2,1,15,12,9,4,5,10,7,6,1,2,0,0,2025-26,EPL_2025-26.csv,14:00,4.99,4.08,1.64,5.5,4.4,1.67,2025-11-02 14:00:00,20251102_westham_newcastle,1,0,0,4.0,1,13.0,13.0,15.0,3.0
E0,2025-11-02,Man City,Bournemouth,A Taylor,3,1,H,2,1,15,8,8,5,8,11,10,4,2,2,0,0,2025-26,EPL_2025-26.csv,16:30,1.49,4.64,5.9,1.5,4.9,6.5,2025-11-02 16:30:00,20251102_mancity_bournemouth,1,0,0,4.0,1,14.0,13.0,19.0,4.0
E0,2025-11-03,Sunderland,Everton,T Bramall,1,1,D,0,1,17,8,3,2,10,12,4,1,3,2,0,0,2025-26,EPL_2025-26.csv,20:00,2.74,3.12,2.67,2.8,3.2,2.8,2025-11-03 20:00:00,20251103_sunderland_everton,0,1,0,2.0,0,5.0,5.0,22.0,5.0
E0,2025-11-08,Tottenham,Man United,S Barrott,2,2,D,0,1,10,5,4,2,10,8,5,3,5,1,0,0,2025-26,EPL_2025-26.csv,12:30,2.65,3.58,2.52,2.75,3.7,2.6,2025-11-08 12:30:00,20251108_tottenham_manunited,0,1,0,4.0,1,8.0,6.0,18.0,6.0
E0,2025-11-08,Everton,Fulham,A Madley,2,0,H,1,0,14,8,5,4,11,14,7,5,2,2,0,0,2025-26,EPL_2025-26.csv,15:00,2.2,3.28,3.4,2.25,3.35,3.5,2025-11-08 15:00:00,20251108_everton_fulham,1,0,0,2.0,0,12.0,9.0,25.0,4.0
E0,2025-11-08,West Ham,Burnley,M Salisbury,3,2,H,1,1,15,16,6,7,15,13,7,4,2,2,0,0,2025-26,EPL_2025-26.csv,15:00,1.94,3.5,3.98,2.0,3.6,4.1,2025-11-08 15:00:00,20251108_westham_burnley,1,0,0,5.0,1,11.0,13.0,28.0,4.0
E0,2025-11-08,Sunderland,Arsenal,C Pawson,2,2,D,1,0,6,17,2,7,13,13,2,2,2,1,0,0,2025-26,EPL_2025-26.csv,17:30,8.39,4.67,1.39,9.5,5.0,1.4,2025-11-08 17:30:00,20251108_sunderland_arsenal,0,1,0,4.0,1,4.0,9.0,26.0,3.0
E0,2025-11-08,Chelsea,Wolves,A Kitchen,3,0,H,0,0,20,3,8,0,12,14,10,1,1,2,0,0,2025-26,EPL_2025-26.csv,20:00,1.36,5.06,8.27,1.37,5.3,9.0,2025-11-08 20:00:00,20251108_chelsea_wolves,1,0,0,3.0,1,11.0,8.0,26.0,3.0
E0,2025-11-09,Aston Villa,Bournemouth,J Brooks,4,0,H,2,0,16,13,8,4,8,20,6,9,2,2,0,0,2025-26,EPL_2025-26.csv,14:00,2.19,3.45,3.25,2.28,3.5,3.4,2025-11-09 14:00:00,20251109_astonvilla_bournemouth,1,0,0,4.0,1,15.0,12.0,28.0,4.0
E0,2025-11-09,Brentford,Newcastle,S Attwell,3,1,H,0,1,15,5,7,1,10,13,6,2,2,1,0,0,2025-26,EPL_2025-26.csv,14:00,2.84,3.4,2.45,2.95,3.5,2.5,2025-11-09 14:00:00,20251109_brentford_newcastle,1,0,0,4.0,1,8.0,8.0,23.0,3.0
E0,2025-11-09,Crystal Palace,Brighton,T Robinson,0,0,D,0,0,10,7,2,3,10,12,4,8,1,4,0,0,2025-26,EPL_2025-26.csv,14:00,2.27,3.52,3.04,2.33,3.6,3.15,2025-11-09 14:00:00,20251109_crystalpalace_brighton,0,1,0,0.0,0,12.0,5.0,22.0,5.0
E0,2025-11-09,Nott'm Forest,Leeds,J Gillett,3,1,H,1,1,14,10,6,3,10,11,6,4,2,1,0,0,2025-26,EPL_2025-26.csv,14:00,2.22,3.32,3.29,2.25,3.4,3.45,2025-11-09 14:00:00,20251109_nott'mforest_leeds,1,0,0,4.0,1,10.0,9.0,21.0,3.0
E0,2025-11-09,Man City,Liverpool,C Kavanagh,3,0,H,2,0,14,7,6,1,14,15,7,7,2,4,0,0,2025-26,EPL_2025-26.csv,16:30,1.88,3.92,3.72,1.91,4.0,4.0,2025-11-09 16:30:00,20251109_mancity_liverpool,1,0,0,3.0,1,14.0,7.0,29.0,6.0
E0,2025-11-22,Burnley,Chelsea,P Bankes,0,2,A,0,1,8,15,2,5,13,8,1,9,2,3,0,0,2025-26,EPL_2025-26.csv,12:30,6.56,4.45,1.48,7.0,4.75,1.52,2025-11-22 12:30:00,20251122_burnley_chelsea,0,0,1,2.0,0,10.0,7.0,21.0,5.0
E0,2025-11-22,Bournemouth,West Ham,T Bramall,2,2,D,0,2,28,5,10,2,9,10,9,2,3,2,0,0,2025-26,EPL_2025-26.csv,15:00,1.62,4.09,5.14,1.64,4.2,5.5,2025-11-22 15:00:00,20251122_bournemouth_westham,0,1,0,4.0,1,11.0,12.0,19.0,5.0
E0,2025-11-22,Brighton,Brentford,C Kavanagh,2,1,H,0,1,14,10,5,4,10,9,7,4,4,2,0,0,2025-26,EPL_2025-26.csv,15:00,1.93,3.66,3.82,1.96,3.75,4.0,2025-11-22 15:00:00,20251122_brighton_brentford,1,0,0,3.0,1,11.0,9.0,19.0,6.0
E0,2025-11-22,Fulham,Sunderland,D England,1,0,H,0,0,24,4,6,2,5,13,7,4,3,3,0,0,2025-26,EPL_2025-26.csv,15:00,2.1,3.24,3.74,2.15,3.3,3.9,2025-11-22 15:00:00,20251122_fulham_sunderland,1,0,0,1.0,0,11.0,8.0,18.0,6.0
E0,2025-11-22,Liverpool,Nott'm Forest,A Madley,0,3,A,0,1,21,15,4,7,11,8,8,6,2,0,0,0,2025-26,EPL_2025-26.csv,15:00,1.42,4.86,6.97,1.44,5.0,7.5,2025-11-22 15:00:00,20251122_liverpool_nott'mforest,0,0,1,3.0,1,14.0,11.0,19.0,2.0
E0,2025-11-22,Wolves,Crystal Palace,A Taylor,0,2,A,0,0,8,10,1,4,13,9,1,4,2,3,0,0,2025-26,EPL_2025-26.csv,15:00,3.86,3.5,1.97,4.1,3.6,2.0,2025-11-22 15:00:00,20251122_wolves_crystalpalace,0,0,1,2.0,0,5.0,5.0,22.0,5.0
E0,2025-11-22,Newcastle,Man City,S Barrott,2,1,H,0,0,9,17,5,4,13,8,5,9,1,3,0,0,2025-26,EPL_2025-26.csv,17:30,3.54,3.75,1.98,3.65,3.8,2.0,2025-11-22 17:30:00,20251122_newcastle_mancity,1,0,0,3.0,1,14.0,9.0,21.0,4.0
E0,2025-11-23,Leeds,Aston Villa,R Jones,1,2,A,1,0,14,14,5,3,18,16,3,3,5,1,0,0,2025-26,EPL_2025-26.csv,14:00,3.04,3.25,2.37,3.15,3.35,2.45,2025-11-23 14:00:00,20251123_leeds_astonvilla,0,0,1,3.0,1,6.0,8.0,34.0,6.0
E0,2025-11-23,Arsenal,Tottenham,M Oliver,4,1,H,2,0,17,3,8,2,11,15,4,1,1,3,0,0,2025-26,EPL_2025-26.csv,16:30,1.39,4.66,8.03,1.42,4.9,8.5,2025-11-23 16:30:00,20251123_arsenal_tottenham,1,0,0,5.0,1,5.0,10.0,26.0,4.0
E0,2025-11-24,Man United,Everton,T Harrington,0,1,A,0,1,25,3,6,1,12,9,9,1,2,0,0,1,2025-26,EPL_2025-26.csv,20:00,1.74,3.83,4.49,1.78,4.1,4.6,2025-11-24 20:00:00,20251124_manunited_everton,0,0,1,1.0,0,10.0,7.0,21.0,3.0
E0,2025-11-29,Brentford,Burnley,S Barrott,3,1,H,0,0,14,6,4,2,7,7,5,6,0,2,0,0,2025-26,EPL_2025-26.csv,15:00,1.45,4.54,6.96,1.49,4.8,7.5,2025-11-29 15:00:00,20251129_brentford_burnley,1,0,0,4.0,1,11.0,6.0,14.0,2.0
E0,2025-11-29,Man City,Leeds,P Bankes,3,2,H,2,0,18,9,9,4,17,11,8,1,4,1,0,0,2025-26,EPL_2025-26.csv,15:00,1.23,6.42,11.78,1.25,6.5,13.0,2025-11-29 15:00:00,20251129_mancity_leeds,1,0,0,5.0,1,9.0,13.0,28.0,5.0
E0,2025-11-29,Sunderland,Bournemouth,T Robinson,3,2,H,1,2,12,18,6,6,14,13,6,3,5,5,0,1,2025-26,EPL_2025-26.csv,15:00,3.04,3.3,2.35,3.2,3.4,2.43,2025-11-29 15:00:00,20251129_sunderland_bournemouth,1,0,0,5.0,1,9.0,12.0,27.0,11.0
E0,2025-11-29,Everton,Newcastle,C Pawson,1,4,A,0,3,10,13,2,8,4,6,8,7,0,0,0,0,2025-26,EPL_2025-26.csv,17:30,2.79,3.31,2.55,2.95,3.4,2.63,2025-11-29 17:30:00,20251129_everton_newcastle,0,0,1,5.0,1,15.0,10.0,10.0,0.0
E0,2025-11-29,Tottenham,Fulham,S Attwell,1,2,A,0,2,14,7,2,3,11,7,8,2,3,2,0,0,2025-26,EPL_2025-26.csv,20:00,2.18,3.39,3.33,2.25,3.55,3.6,2025-11-29 20:00:00,20251129_tottenham_fulham,0,0,1,3.0,1,10.0,5.0,18.0,5.0
E0,2025-11-30,Crystal Palace,Man United,R Jones,1,2,A,1,0,14,14,3,6,14,14,4,4,3,2,0,0,2025-26,EPL_2025-26.csv,12:00,2.32,3.51,2.93,2.38,3.75,3.1,2025-11-30 12:00:00,20251130_crystalpalace_manunited,0,0,1,3.0,1,8.0,9.0,28.0,5.0
E0,2025-11-30,Aston Villa,Wolves,C Kavanagh,1,0,H,0,0,16,9,6,4,13,21,7,3,0,4,0,0,2025-26,EPL_2025-26.csv,14:05,1.48,4.39,6.57,1.5,4.6,7.5,2025-11-30 14:05:00,20251130_astonvilla_wolves,1,0,0,1.0,0,10.0,10.0,34.0,4.0
E0,2025-11-30,Nott'm Forest,Brighton,M Oliver,0,2,A,0,1,19,17,3,6,11,10,9,2,0,1,0,0,2025-26,EPL_2025-26.csv,14:05,2.72,3.36,2.54,2.8,3.4,2.63,2025-11-30 14:05:00,20251130_nott'mforest_brighton,0,0,1,2.0,0,11.0,9.0,21.0,1.0
E0,2025-11-30,West Ham,Liverpool,D England,0,2,A,0,0,7,9,0,5,12,14,7,2,1,0,1,0,2025-26,EPL_2025-26.csv,14:05,4.28,4.06,1.74,4.45,4.33,1.8,2025-11-30 14:05:00,20251130_westham_liverpool,0,0,1,2.0,0,9.0,5.0,26.0,2.0
E0,2025-11-30,Chelsea,Arsenal,A Taylor,1,1,D,0,0,11,8,4,4,12,13,3,3,1,6,1,0,2025-26,EPL_2025-26.csv,16:30,3.33,3.35,2.18,3.45,3.45,2.25,2025-11-30 16:30:00,20251130_chelsea_arsenal,0,1,0,2.0,0,6.0,8.0,25.0,8.0
E0,2025-12-02,Bournemouth,Everton,M Salisbury,0,1,A,0,0,5,13,2,3,14,14,1,6,3,3,0,0,2025-26,EPL_2025-26.csv,19:30,2.2,3.29,3.38,2.25,3.4,3.45,2025-12-02 19:30:00,20251202_bournemouth_everton,0,0,1,1.0,0,7.0,5.0,28.0,6.0
E0,2025-12-02,Fulham,Man City,C Pawson,4,5,A,1,3,12,11,6,4,9,7,7,2,0,1,0,0,2025-26,EPL_2025-26.csv,19:30,4.66,4.04,1.69,5.0,4.2,1.73,2025-12-02 19:30:00,20251202_fulham_mancity,0,0,1,9.0,1,9.0,10.0,16.0,1.0
E0,2025-12-02,Newcastle,Tottenham,T Bramall,2,2,D,0,0,19,8,7,2,5,12,11,8,0,3,0,0,2025-26,EPL_2025-26.csv,20:15,1.8,3.78,4.24,1.83,3.9,4.5,2025-12-02 20:15:00,20251202_newcastle_tottenham,0,1,0,4.0,1,19.0,9.0,17.0,3.0
E0,2025-12-03,Arsenal,Brentford,T Harrington,2,0,H,1,0,15,6,7,1,7,9,4,8,0,1,0,0,2025-26,EPL_2025-26.csv,19:30,1.35,4.97,8.94,1.37,5.25,10.5,2025-12-03 19:30:00,20251203_arsenal_brentford,1,0,0,2.0,0,12.0,8.0,16.0,1.0
E0,2025-12-03,Brighton,Aston Villa,A Madley,3,4,A,2,2,16,14,7,10,10,9,5,6,2,2,0,0,2025-26,EPL_2025-26.csv,19:30,2.15,3.48,3.33,2.17,3.65,3.4,2025-12-03 19:30:00,20251203_brighton_astonvilla,0,0,1,7.0,1,11.0,17.0,19.0,4.0
E0,2025-12-03,Burnley,Crystal Palace,T Kirk,0,1,A,0,1,11,3,4,3,9,8,3,4,0,0,0,0,2025-26,EPL_2025-26.csv,19:30,4.57,3.71,1.77,4.75,3.8,1.8,2025-12-03 19:30:00,20251203_burnley_crystalpalace,0,0,1,1.0,0,7.0,7.0,17.0,0.0
E0,2025-12-03,Wolves,Nott'm Forest,T Robinson,0,1,A,0,0,5,10,1,3,19,11,3,9,2,2,0,0,2025-26,EPL_2025-26.csv,19:30,3.28,3.3,2.24,3.45,3.4,2.3,2025-12-03 19:30:00,20251203_wolves_nott'mforest,0,0,1,1.0,0,12.0,4.0,30.0,4.0
E0,2025-12-03,Leeds,Chelsea,D England,3,1,H,2,0,17,14,5,2,10,13,4,2,1,1,0,0,2025-26,EPL_2025-26.csv,20:15,4.31,3.87,1.78,4.5,4.1,1.8,2025-12-03 20:15:00,20251203_leeds_chelsea,1,0,0,4.0,1,6.0,7.0,23.0,2.0
E0,2025-12-03,Liverpool,Sunderland,S Attwell,1,1,D,0,0,23,9,4,6,10,5,7,3,1,1,0,0,2025-26,EPL_2025-26.csv,20:15,1.35,5.29,8.05,1.37,5.5,8.5,2025-12-03 20:15:00,20251203_liverpool_sunderland,0,1,0,2.0,0,10.0,10.0,15.0,2.0
E0,2025-12-04,Man United,West Ham,A Kitchen,1,1,D,0,0,17,11,4,3,13,9,6,6,2,2,0,0,2025-26,EPL_2025-26.csv,20:00,1.43,4.81,6.59,1.46,5.1,7.0,2025-12-04 20:00:00,20251204_manunited_westham,0,1,0,2.0,0,12.0,7.0,22.0,4.0
E0,2025-12-06,Aston Villa,Arsenal,P Bankes,2,1,H,1,0,15,15,6,9,10,8,3,3,0,2,0,0,2025-26,EPL_2025-26.csv,12:30,4.13,3.45,1.91,4.2,3.5,1.95,2025-12-06 12:30:00,20251206_astonvilla_arsenal,1,0,0,3.0,1,6.0,15.0,18.0,2.0
E0,2025-12-06,Bournemouth,Chelsea,M Oliver,0,0,D,0,0,13,11,5,4,15,13,5,0,0,2,0,0,2025-26,EPL_2025-26.csv,15:00,3.14,3.67,2.16,3.25,3.75,2.2,2025-12-06 15:00:00,20251206_bournemouth_chelsea,0,1,0,0.0,0,5.0,9.0,28.0,2.0
E0,2025-12-06,Everton,Nott'm Forest,C Kavanagh,3,0,H,2,0,11,7,5,3,17,15,6,3,4,3,0,0,2025-26,EPL_2025-26.csv,15:00,2.17,3.25,3.52,2.2,3.35,3.65,2025-12-06 15:00:00,20251206_everton_nott'mforest,1,0,0,3.0,1,9.0,8.0,32.0,7.0
E0,2025-12-06,Man City,Sunderland,A Madley,3,0,H,2,0,18,8,6,1,9,10,6,5,1,0,0,1,2025-26,EPL_2025-26.csv,15:00,1.24,6.22,11.38,1.26,6.5,13.0,2025-12-06 15:00:00,20251206_mancity_sunderland,1,0,0,3.0,1,11.0,7.0,19.0,2.0
E0,2025-12-06,Newcastle,Burnley,S Attwell,2,1,H,2,0,17,9,7,3,9,11,9,9,2,2,0,1,2025-26,EPL_2025-26.csv,15:00,1.28,5.72,10.39,1.3,6.0,11.5,2025-12-06 15:00:00,20251206_newcastle_burnley,1,0,0,3.0,1,18.0,10.0,20.0,5.0
E0,2025-12-06,Tottenham,Brentford,R Jones,2,0,H,2,0,15,4,7,1,8,9,7,6,3,4,0,0,2025-26,EPL_2025-26.csv,15:00,2.31,3.44,3.03,2.38,3.5,3.2,2025-12-06 15:00:00,20251206_tottenham_brentford,1,0,0,2.0,0,13.0,8.0,17.0,7.0
E0,2025-12-06,Leeds,Liverpool,A Taylor,3,3,D,0,0,12,16,5,7,14,14,5,4,3,3,0,0,2025-26,EPL_2025-26.csv,17:30,3.95,3.9,1.84,4.2,4.2,1.91,2025-12-06 17:30:00,20251206_leeds_liverpool,0,1,0,6.0,1,9.0,12.0,28.0,6.0
E0,2025-12-07,Brighton,West Ham,S Hooper,1,1,D,0,0,22,14,4,5,12,8,10,6,2,2,0,0,2025-26,EPL_2025-26.csv,14:00,1.55,4.32,5.63,1.57,4.5,6.0,2025-12-07 14:00:00,20251207_brighton_westham,0,1,0,2.0,0,16.0,9.0,20.0,4.0
E0,2025-12-07,Fulham,Crystal Palace,S Barrott,1,2,A,1,1,12,11,4,5,5,8,6,4,0,0,0,0,2025-26,EPL_2025-26.csv,16:30,2.57,3.27,2.77,2.63,3.4,2.88,2025-12-07 16:30:00,20251207_fulham_crystalpalace,0,0,1,3.0,1,10.0,9.0,13.0,0.0
E0,2025-12-08,Wolves,Man United,M Salisbury,1,4,A,1,1,8,27,2,10,17,12,1,9,3,2,0,0,2025-26,EPL_2025-26.csv,20:00,4.22,3.9,1.77,4.4,4.1,1.8,2025-12-08 20:00:00,20251208_wolves_manunited,0,0,1,5.0,1,10.0,12.0,29.0,5.0
E0,2025-12-13,Chelsea,Everton,T Bramall,2,0,H,2,0,17,11,5,2,13,11,4,7,1,0,0,0,2025-26,EPL_2025-26.csv,15:00,1.66,3.9,5.09,1.7,4.0,5.5,2025-12-13 15:00:00,20251213_chelsea_everton,1,0,0,2.0,0,11.0,7.0,24.0,1.0
E0,2025-12-13,Liverpool,Brighton,C Pawson,2,0,H,1,0,18,14,4,1,8,15,2,2,1,2,0,0,2025-26,EPL_2025-26.csv,15:00,1.67,4.17,4.62,1.7,4.3,5.0,2025-12-13 15:00:00,20251213_liverpool_brighton,1,0,0,2.0,0,4.0,5.0,23.0,3.0
E0,2025-12-13,Burnley,Fulham,M Oliver,2,3,A,1,2,16,6,8,4,8,8,10,4,1,2,0,0,2025-26,EPL_2025-26.csv,17:30,3.93,3.48,1.95,4.0,3.6,2.0,2025-12-13 17:30:00,20251213_burnley_fulham,0,0,1,5.0,1,14.0,12.0,16.0,3.0
E0,2025-12-13,Arsenal,Wolves,R Jones,2,1,H,0,0,16,3,2,2,7,15,8,0,0,4,0,0,2025-26,EPL_2025-26.csv,20:00,1.12,8.62,22.31,1.14,9.5,26.0,2025-12-13 20:00:00,20251213_arsenal_wolves,1,0,0,3.0,1,8.0,4.0,22.0,4.0
E0,2025-12-14,Crystal Palace,Man City,D England,0,3,A,0,1,16,7,4,6,9,6,2,2,2,0,0,0,2025-26,EPL_2025-26.csv,14:00,3.98,3.81,1.83,4.2,4.0,1.88,2025-12-14 14:00:00,20251214_crystalpalace_mancity,0,0,1,3.0,1,4.0,10.0,15.0,2.0
E0,2025-12-14,Nott'm Forest,Tottenham,S Barrott,3,0,H,1,0,15,6,6,1,9,13,3,3,1,3,0,0,2025-26,EPL_2025-26.csv,14:00,2.55,3.28,2.76,2.63,3.35,2.88,2025-12-14 14:00:00,20251214_nott'mforest_tottenham,1,0,0,3.0,1,6.0,7.0,22.0,4.0
E0,2025-12-14,Sunderland,Newcastle,P Bankes,1,0,H,0,0,5,6,1,2,10,10,3,6,5,4,0,0,2025-26,EPL_2025-26.csv,14:00,3.26,3.33,2.22,3.35,3.4,2.28,2025-12-14 14:00:00,20251214_sunderland_newcastle,1,0,0,1.0,0,9.0,3.0,20.0,9.0
E0,2025-12-14,West Ham,Aston Villa,A Taylor,2,3,A,2,1,10,7,3,4,18,13,5,3,1,2,0,0,2025-26,EPL_2025-26.csv,14:00,3.63,3.51,2.0,3.9,3.65,2.05,2025-12-14 14:00:00,20251214_westham_astonvilla,0,0,1,5.0,1,8.0,7.0,31.0,3.0
E0,2025-12-14,Brentford,Leeds,J Brooks,1,1,D,0,0,7,18,2,4,8,9,0,3,0,0,0,0,2025-26,EPL_2025-26.csv,16:30,1.94,3.54,3.85,2.0,3.7,4.0,2025-12-14 16:30:00,20251214_brentford_leeds,0,1,0,2.0,0,3.0,6.0,17.0,0.0
E0,2025-12-15,Man United,Bournemouth,S Hooper,4,4,D,2,1,25,14,9,9,15,12,5,4,2,3,0,0,2025-26,EPL_2025-26.csv,20:00,1.82,3.98,3.84,1.85,4.25,4.0,2025-12-15 20:00:00,20251215_manunited_bournemouth,0,1,0,8.0,1,9.0,18.0,27.0,5.0
E0,2025-12-20,Newcastle,Chelsea,A Madley,2,2,D,2,0,11,13,5,4,13,14,6,4,3,6,0,0,2025-26,EPL_2025-26.csv,12:30,2.73,3.51,2.47,2.85,3.65,2.6,2025-12-20 12:30:00,20251220_newcastle_chelsea,0,1,0,4.0,1,10.0,9.0,27.0,9.0
E0,2025-12-20,Bournemouth,Burnley,C Kavanagh,1,1,D,0,0,16,4,1,1,11,11,5,3,1,1,0,0,2025-26,EPL_2025-26.csv,15:00,1.47,4.44,6.59,1.5,4.75,7.0,2025-12-20 15:00:00,20251220_bournemouth_burnley,0,1,0,2.0,0,8.0,2.0,22.0,2.0
E0,2025-12-20,Brighton,Sunderland,D England,0,0,D,0,0,16,14,4,6,11,15,3,4,2,2,0,0,2025-26,EPL_2025-26.csv,15:00,1.65,3.95,5.16,1.7,4.2,5.5,2025-12-20 15:00:00,20251220_brighton_sunderland,0,1,0,0.0,0,7.0,10.0,26.0,4.0
E0,2025-12-20,Man City,West Ham,P Tierney,3,0,H,2,0,17,7,8,3,16,10,6,0,1,1,0,0,2025-26,EPL_2025-26.csv,15:00,1.2,7.36,11.88,1.22,8.0,13.0,2025-12-20 15:00:00,20251220_mancity_westham,1,0,0,3.0,1,6.0,11.0,26.0,2.0
E0,2025-12-20,Wolves,Brentford,M Donohue,0,2,A,0,0,9,7,2,6,12,15,3,4,2,4,0,0,2025-26,EPL_2025-26.csv,15:00,3.59,3.48,2.05,3.75,3.6,2.1,2025-12-20 15:00:00,20251220_wolves_brentford,0,0,1,2.0,0,7.0,8.0,27.0,6.0
E0,2025-12-20,Tottenham,Liverpool,J Brooks,1,2,A,0,0,15,8,4,4,9,7,2,6,3,3,2,0,2025-26,EPL_2025-26.csv,17:30,3.36,3.71,2.02,3.5,3.85,2.1,2025-12-20 17:30:00,20251220_tottenham_liverpool,0,0,1,3.0,1,8.0,8.0,16.0,8.0
E0,2025-12-20,Everton,Arsenal,S Barrott,0,1,A,0,1,5,13,1,2,4,5,2,3,2,2,0,0,2025-26,EPL_2025-26.csv,20:00,6.03,3.89,1.57,6.5,4.1,1.62,2025-12-20 20:00:00,20251220_everton_arsenal,0,0,1,1.0,0,5.0,3.0,9.0,4.0
E0,2025-12-20,Leeds,Crystal Palace,T Bramall,4,1,H,2,0,20,9,8,3,5,10,9,5,1,3,0,0,2025-26,EPL_2025-26.csv,20:00,2.6,3.25,2.76,2.7,3.3,2.88,2025-12-20 20:00:00,20251220_leeds_crystalpalace,1,0,0,5.0,1,14.0,11.0,15.0,4.0
E0,2025-12-21,Aston Villa,Man United,M Oliver,2,1,H,1,1,12,15,4,6,11,14,5,5,1,2,0,0,2025-26,EPL_2025-26.csv,16:30,2.1,3.64,3.26,2.15,3.75,3.4,2025-12-21 16:30:00,20251221_astonvilla_manunited,1,0,0,3.0,1,10.0,10.0,25.0,3.0
E0,2025-12-22,Fulham,Nott'm Forest,A Taylor,1,0,H,1,0,11,12,1,2,5,9,1,5,5,4,0,0,2025-26,EPL_2025-26.csv,20:00,2.42,3.27,2.93,2.5,3.4,3.1,2025-12-22 20:00:00,20251222_fulham_nott'mforest,1,0,0,1.0,0,6.0,3.0,14.0,9.0
E0,2025-12-26,Man United,Newcastle,A Taylor,1,0,H,1,0,10,16,4,3,9,5,2,11,2,1,0,0,2025-26,EPL_2025-26.csv,20:00,2.47,3.58,2.67,2.55,3.75,2.8,2025-12-26 20:00:00,20251226_manunited_newcastle,1,0,0,1.0,0,13.0,7.0,14.0,3.0
E0,2025-12-27,Nott'm Forest,Man City,R Jones,1,2,A,0,0,7,16,2,5,5,13,5,5,1,2,0,0,2025-26,EPL_2025-26.csv,12:30,5.21,4.24,1.59,5.6,4.4,1.6,2025-12-27 12:30:00,20251227_nott'mforest_mancity,0,0,1,3.0,1,10.0,7.0,18.0,3.0
E0,2025-12-27,Arsenal,Brighton,J Brooks,2,1,H,1,0,24,8,6,3,7,13,7,2,2,3,0,0,2025-26,EPL_2025-26.csv,15:00,1.41,4.73,7.34,1.44,5.0,8.0,2025-12-27 15:00:00,20251227_arsenal_brighton,1,0,0,3.0,1,9.0,9.0,20.0,5.0
E0,2025-12-27,Brentford,Bournemouth,P Bankes,4,1,H,2,0,15,20,7,10,9,8,2,15,2,2,0,0,2025-26,EPL_2025-26.csv,15:00,2.25,3.57,2.98,2.32,3.75,3.1,2025-12-27 15:00:00,20251227_brentford_bournemouth,1,0,0,5.0,1,17.0,17.0,17.0,4.0
E0,2025-12-27,Burnley,Everton,C Pawson,0,0,D,0,0,16,15,0,6,8,8,6,5,0,2,0,0,2025-26,EPL_2025-26.csv,15:00,4.03,3.33,1.96,4.25,3.5,2.0,2025-12-27 15:00:00,20251227_burnley_everton,0,1,0,0.0,0,11.0,6.0,16.0,2.0
E0,2025-12-27,Liverpool,Wolves,S Hooper,2,1,H,2,0,14,9,4,4,5,13,6,4,0,1,0,0,2025-26,EPL_2025-26.csv,15:00,1.24,6.31,11.25,1.25,6.75,13.0,2025-12-27 15:00:00,20251227_liverpool_wolves,1,0,0,3.0,1,10.0,8.0,18.0,1.0
E0,2025-12-27,West Ham,Fulham,C Kavanagh,0,1,A,0,0,11,15,2,4,8,8,5,4,1,3,0,0,2025-26,EPL_2025-26.csv,15:00,2.65,3.38,2.59,2.8,3.5,2.75,2025-12-27 15:00:00,20251227_westham_fulham,0,0,1,1.0,0,9.0,6.0,16.0,4.0
E0,2025-12-27,Chelsea,Aston Villa,S Attwell,1,2,A,1,0,14,11,3,8,16,8,6,7,5,3,0,0,2025-26,EPL_2025-26.csv,17:30,1.84,3.82,3.97,1.89,4.0,4.2,2025-12-27 17:30:00,20251227_chelsea_astonvilla,0,0,1,3.0,1,13.0,11.0,24.0,8.0
E0,2025-12-28,Sunderland,Leeds,T Harrington,1,1,D,1,0,8,17,3,6,7,9,3,9,1,0,0,0,2025-26,EPL_2025-26.csv,14:00,2.56,3.18,2.8,2.7,3.25,2.88,2025-12-28 14:00:00,20251228_sunderland_leeds,0,1,0,2.0,0,12.0,9.0,16.0,1.0
E0,2025-12-28,Crystal Palace,Tottenham,J Gillett,0,1,A,0,1,15,8,2,4,7,5,3,2,3,2,0,0,2025-26,EPL_2025-26.csv,16:30,2.25,3.33,3.19,2.3,3.45,3.35,2025-12-28 16:30:00,20251228_crystalpalace_tottenham,0,0,1,1.0,0,5.0,6.0,12.0,5.0
E0,2025-12-30,Chelsea,Bournemouth,S Barrott,2,2,D,2,2,17,17,3,6,5,12,12,3,1,1,0,0,2025-26,EPL_2025-26.csv,19:30,1.51,4.56,5.81,1.53,4.75,6.5,2025-12-30 19:30:00,20251230_chelsea_bournemouth,0,1,0,4.0,1,15.0,9.0,17.0,2.0
E0,2025-12-30,Burnley,Newcastle,R Jones,1,3,A,1,2,15,20,4,9,9,3,3,4,2,1,0,0,2025-26,EPL_2025-26.csv,19:30,5.5,4.11,1.59,5.75,4.35,1.62,2025-12-30 19:30:00,20251230_burnley_newcastle,0,0,1,4.0,1,7.0,13.0,12.0,3.0
E0,2025-12-30,West Ham,Brighton,M Salisbury,2,2,D,2,1,10,16,4,6,11,18,5,5,3,5,0,0,2025-26,EPL_2025-26.csv,19:30,3.41,3.67,2.04,3.6,3.75,2.1,2025-12-30 19:30:00,20251230_westham_brighton,0,1,0,4.0,1,10.0,10.0,29.0,8.0
E0,2025-12-30,Nott'm Forest,Everton,M Oliver,0,2,A,0,1,21,11,6,3,11,9,9,2,1,0,0,0,2025-26,EPL_2025-26.csv,19:30,2.12,3.21,3.7,2.2,3.25,3.8,2025-12-30 19:30:00,20251230_nott'mforest_everton,0,0,1,2.0,0,11.0,9.0,20.0,1.0
E0,2025-12-30,Arsenal,Aston Villa,D England,4,1,H,0,0,22,11,7,3,18,9,3,3,2,3,0,0,2025-26,EPL_2025-26.csv,20:15,1.43,4.68,7.02,1.45,5.0,7.5,2025-12-30 20:15:00,20251230_arsenal_astonvilla,1,0,0,5.0,1,6.0,10.0,27.0,5.0
E0,2025-12-30,Man United,Wolves,T Bramall,1,1,D,1,1,15,11,6,4,9,12,8,4,0,2,0,0,2025-26,EPL_2025-26.csv,20:15,1.37,5.06,8.09,1.4,5.25,9.0,2025-12-30 20:15:00,20251230_manunited_wolves,0,1,0,2.0,0,12.0,10.0,21.0,2.0
E0,2026-01-01,Crystal Palace,Fulham,T Harrington,1,1,D,1,0,11,17,2,5,7,10,6,3,0,5,0,0,2025-26,EPL_2025-26.csv,17:30,2.17,3.34,3.4,2.2,3.4,3.5,2026-01-01 17:30:00,20260101_crystalpalace_fulham,0,1,0,2.0,0,9.0,7.0,17.0,5.0
E0,2026-01-01,Liverpool,Leeds,C Kavanagh,0,0,D,0,0,19,4,4,2,10,8,8,3,0,2,0,0,2025-26,EPL_2025-26.csv,17:30,1.53,4.41,5.83,1.55,4.6,6.4,2026-01-01 17:30:00,20260101_liverpool_leeds,0,1,0,0.0,0,11.0,6.0,18.0,2.0
E0,2026-01-01,Brentford,Tottenham,A Madley,0,0,D,0,0,7,9,2,3,8,10,3,1,1,2,0,0,2025-26,EPL_2025-26.csv,20:00,2.11,3.49,3.35,2.15,3.6,3.5,2026-01-01 20:00:00,20260101_brentford_tottenham,0,1,0,0.0,0,4.0,5.0,18.0,3.0
E0,2026-01-01,Sunderland,Man City,J Gillett,0,0,D,0,0,10,14,4,4,9,6,3,5,1,1,0,0,2025-26,EPL_2025-26.csv,20:00,7.81,4.82,1.39,8.5,5.0,1.44,2026-01-01 20:00:00,20260101_sunderland_mancity,0,1,0,0.0,0,8.0,8.0,15.0,2.0
E0,2026-01-03,Aston Villa,Nott'm Forest,S Hooper,3,1,H,1,0,11,10,4,5,10,20,4,4,1,2,0,0,2025-26,EPL_2025-26.csv,12:30,1.76,3.74,4.54,1.8,3.9,4.75,2026-01-03 12:30:00,20260103_astonvilla_nott'mforest,1,0,0,4.0,1,8.0,9.0,30.0,3.0
E0,2026-01-03,Brighton,Burnley,T Robinson,2,0,H,1,0,15,5,4,3,7,17,4,4,0,4,0,0,2025-26,EPL_2025-26.csv,15:00,1.49,4.35,6.56,1.5,4.5,7.0,2026-01-03 15:00:00,20260103_brighton_burnley,1,0,0,2.0,0,8.0,7.0,24.0,4.0
E0,2026-01-03,Wolves,West Ham,P Bankes,3,0,H,3,0,11,6,8,0,11,10,6,7,1,0,0,0,2025-26,EPL_2025-26.csv,15:00,2.48,3.37,2.82,2.52,3.5,2.95,2026-01-03 15:00:00,20260103_wolves_westham,1,0,0,3.0,1,13.0,8.0,21.0,1.0
E0,2026-01-03,Bournemouth,Arsenal,C Kavanagh,2,3,A,1,1,15,12,3,5,13,8,7,5,3,1,0,0,2025-26,EPL_2025-26.csv,17:30,6.13,4.57,1.48,6.5,5.0,1.53,2026-01-03 17:30:00,20260103_bournemouth_arsenal,0,0,1,5.0,1,12.0,8.0,21.0,4.0
E0,2026-01-04,Leeds,Man United,J Gillett,1,1,D,0,0,11,15,3,2,9,9,6,4,0,1,0,0,2025-26,EPL_2025-26.csv,12:30,2.68,3.44,2.56,2.8,3.5,2.63,2026-01-04 12:30:00,20260104_leeds_manunited,0,1,0,2.0,0,10.0,5.0,18.0,1.0
E0,2026-01-04,Tottenham,Sunderland,S Attwell,1,1,D,1,0,13,10,5,3,10,6,3,5,2,3,0,0,2025-26,EPL_2025-26.csv,15:00,1.8,3.65,4.37,1.84,3.8,4.7,2026-01-04 15:00:00,20260104_tottenham_sunderland,0,1,0,2.0,0,8.0,8.0,16.0,5.0
E0,2026-01-04,Everton,Brentford,A Taylor,2,4,A,0,1,14,11,6,7,9,8,4,5,0,2,0,0,2025-26,EPL_2025-26.csv,15:00,2.36,3.19,3.1,2.4,3.25,3.25,2026-01-04 15:00:00,20260104_everton_brentford,0,0,1,6.0,1,9.0,13.0,17.0,2.0
E0,2026-01-04,Newcastle,Crystal Palace,J Brooks,2,0,H,0,0,12,11,7,1,5,12,8,6,1,3,0,0,2025-26,EPL_2025-26.csv,15:00,1.67,3.92,4.89,1.7,4.1,5.3,2026-01-04 15:00:00,20260104_newcastle_crystalpalace,1,0,0,2.0,0,14.0,8.0,17.0,4.0
E0,2026-01-04,Fulham,Liverpool,C Pawson,2,2,D,1,0,8,10,2,2,11,4,3,8,1,1,0,0,2025-26,EPL_2025-26.csv,15:15,3.74,3.68,1.92,3.95,3.8,1.96,2026-01-04 15:15:00,20260104_fulham_liverpool,0,1,0,4.0,1,11.0,4.0,15.0,2.0
E0,2026-01-04,Man City,Chelsea,M Oliver,1,1,D,1,0,14,8,3,3,12,14,8,2,3,3,0,0,2025-26,EPL_2025-26.csv,17:30,1.63,4.39,4.66,1.67,4.75,5.1,2026-01-04 17:30:00,20260104_mancity_chelsea,0,1,0,2.0,0,10.0,6.0,26.0,6.0
E0,2026-01-06,West Ham,Nott'm Forest,T Harrington,1,2,A,1,0,14,13,3,5,15,9,6,5,3,0,0,0,2025-26,EPL_2025-26.csv,20:00,3.1,3.33,2.3,3.25,3.4,2.38,2026-01-06 20:00:00,20260106_westham_nott'mforest,0,0,1,3.0,1,11.0,8.0,24.0,3.0
E0,2026-01-07,Bournemouth,Tottenham,D England,3,2,H,2,1,11,16,3,4,19,10,3,7,3,3,0,0,2025-26,EPL_2025-26.csv,19:30,2.11,3.62,3.27,2.18,3.75,3.4,2026-01-07 19:30:00,20260107_bournemouth_tottenham,1,0,0,5.0,1,10.0,7.0,29.0,6.0
E0,2026-01-07,Brentford,Sunderland,M Donohue,3,0,H,1,0,18,11,6,3,13,13,7,4,2,1,0,0,2025-26,EPL_2025-26.csv,19:30,1.83,3.56,4.36,1.88,3.6,4.5,2026-01-07 19:30:00,20260107_brentford_sunderland,1,0,0,3.0,1,11.0,9.0,26.0,3.0
E0,2026-01-07,Crystal Palace,Aston Villa,A Madley,0,0,D,0,0,11,15,5,3,8,3,3,5,2,0,0,0,2025-26,EPL_2025-26.csv,19:30,3.08,3.36,2.31,3.2,3.5,2.38,2026-01-07 19:30:00,20260107_crystalpalace_astonvilla,0,1,0,0.0,0,8.0,8.0,11.0,2.0
E0,2026-01-07,Everton,Wolves,T Kirk,1,1,D,1,0,13,13,2,4,13,15,2,7,1,3,2,0,2025-26,EPL_2025-26.csv,19:30,1.76,3.55,4.85,1.8,3.65,5.25,2026-01-07 19:30:00,20260107_everton_wolves,0,1,0,2.0,0,9.0,6.0,28.0,6.0
E0,2026-01-07,Fulham,Chelsea,P Bankes,2,1,H,0,0,16,14,5,6,11,6,2,11,3,3,0,1,2025-26,EPL_2025-26.csv,19:30,3.38,3.59,2.07,3.5,3.7,2.12,2026-01-07 19:30:00,20260107_fulham_chelsea,1,0,0,3.0,1,13.0,11.0,17.0,7.0
E0,2026-01-07,Man City,Brighton,T Bramall,1,1,D,1,0,22,6,6,3,6,16,6,2,1,6,0,0,2025-26,EPL_2025-26.csv,19:30,1.37,5.23,7.27,1.4,5.5,8.5,2026-01-07 19:30:00,20260107_mancity_brighton,0,1,0,2.0,0,8.0,9.0,22.0,7.0
E0,2026-01-07,Burnley,Man United,S Attwell,2,2,D,1,0,7,30,1,10,9,8,2,6,2,0,0,0,2025-26,EPL_2025-26.csv,20:15,4.68,3.95,1.7,5.0,4.0,1.75,2026-01-07 20:15:00,20260107_burnley_manunited,0,1,0,4.0,1,8.0,11.0,17.0,2.0
E0,2026-01-07,Newcastle,Leeds,M Salisbury,4,3,H,1,2,18,14,8,6,11,10,8,4,3,2,0,0,2025-26,EPL_2025-26.csv,20:15,1.67,3.87,5.02,1.73,4.1,5.5,2026-01-07 20:15:00,20260107_newcastle_leeds,1,0,0,7.0,1,12.0,14.0,21.0,5.0
E0,2026-01-08,Arsenal,Liverpool,A Taylor,0,0,D,0,0,9,8,4,0,10,9,3,0,2,2,0,0,2025-26,EPL_2025-26.csv,20:00,1.6,4.11,5.25,1.64,4.33,5.6,2026-01-08 20:00:00,20260108_arsenal_liverpool,0,1,0,0.0,0,3.0,4.0,19.0,4.0
E0,2026-01-17,Man United,Man City,A Taylor,2,0,H,0,0,11,7,7,1,13,8,1,6,2,3,0,0,2025-26,EPL_2025-26.csv,12:30,3.55,3.87,1.94,3.7,4.0,2.0,2026-01-17 12:30:00,20260117_manunited_mancity,1,0,0,2.0,0,7.0,8.0,21.0,5.0
E0,2026-01-17,Liverpool,Burnley,A Madley,1,1,D,1,0,32,7,11,1,8,10,9,1,1,2,0,0,2025-26,EPL_2025-26.csv,15:00,1.22,6.4,12.44,1.25,6.75,16.0,2026-01-17 15:00:00,20260117_liverpool_burnley,0,1,0,2.0,0,10.0,12.0,18.0,3.0
E0,2026-01-17,Leeds,Fulham,C Kavanagh,1,0,H,0,0,14,8,5,1,6,11,7,3,1,5,0,0,2025-26,EPL_2025-26.csv,15:00,2.17,3.33,3.41,2.23,3.4,3.5,2026-01-17 15:00:00,20260117_leeds_fulham,1,0,0,1.0,0,10.0,6.0,17.0,6.0
E0,2026-01-17,Tottenham,West Ham,J Gillett,1,2,A,0,1,21,17,6,4,12,17,11,5,5,3,0,0,2025-26,EPL_2025-26.csv,15:00,1.71,3.91,4.63,1.75,4.0,4.9,2026-01-17 15:00:00,20260117_tottenham_westham,0,0,1,3.0,1,16.0,10.0,29.0,8.0
E0,2026-01-17,Sunderland,Crystal Palace,R Jones,2,1,H,1,1,13,6,7,2,8,15,3,4,3,3,0,0,2025-26,EPL_2025-26.csv,15:00,2.69,3.15,2.74,2.75,3.2,2.85,2026-01-17 15:00:00,20260117_sunderland_crystalpalace,1,0,0,3.0,1,7.0,9.0,23.0,6.0
E0,2026-01-17,Chelsea,Brentford,J Brooks,2,0,H,1,0,6,15,2,5,7,10,3,9,3,2,0,0,2025-26,EPL_2025-26.csv,15:00,1.69,3.97,4.75,1.73,4.1,5.1,2026-01-17 15:00:00,20260117_chelsea_brentford,1,0,0,2.0,0,12.0,7.0,17.0,5.0
E0,2026-01-17,Nott'm Forest,Arsenal,M Oliver,0,0,D,0,0,6,15,0,3,8,14,4,9,1,1,0,0,2025-26,EPL_2025-26.csv,17:30,6.1,4.16,1.54,6.5,4.4,1.57,2026-01-17 17:30:00,20260117_nott'mforest_arsenal,0,1,0,0.0,0,13.0,3.0,22.0,2.0
E0,2026-01-18,Wolves,Newcastle,S Barrott,0,0,D,0,0,6,12,2,2,14,8,4,7,2,2,0,0,2025-26,EPL_2025-26.csv,14:00,4.6,3.98,1.7,5.0,4.2,1.73,2026-01-18 14:00:00,20260118_wolves_newcastle,0,1,0,0.0,0,11.0,4.0,22.0,4.0
E0,2026-01-18,Aston Villa,Everton,T Harrington,0,1,A,0,0,18,9,5,3,15,13,6,4,1,2,0,0,2025-26,EPL_2025-26.csv,16:30,1.66,3.87,5.09,1.7,4.0,5.5,2026-01-18 16:30:00,20260118_astonvilla_everton,0,0,1,1.0,0,10.0,8.0,28.0,3.0
E0,2026-01-19,Brighton,Bournemouth,P Tierney,1,1,D,0,1,17,11,5,2,7,6,11,6,2,3,0,0,2025-26,EPL_2025-26.csv,20:00,1.85,3.92,3.75,1.91,4.1,4.1,2026-01-19 20:00:00,20260119_brighton_bournemouth,0,1,0,2.0,0,17.0,7.0,13.0,5.0
E0,2026-01-24,West Ham,Sunderland,T Bramall,3,1,H,3,0,13,7,5,2,9,16,3,3,2,4,0,0,2025-26,EPL_2025-26.csv,12:30,2.51,3.24,2.85,2.6,3.4,2.9,2026-01-24 12:30:00,20260124_westham_sunderland,1,0,0,4.0,1,6.0,7.0,25.0,6.0
E0,2026-01-24,Burnley,Tottenham,P Bankes,2,2,D,1,1,9,18,4,11,8,9,1,3,1,0,0,0,2025-26,EPL_2025-26.csv,15:00,3.64,3.39,2.05,3.8,3.5,2.1,2026-01-24 15:00:00,20260124_burnley_tottenham,0,1,0,4.0,1,4.0,15.0,17.0,1.0
E0,2026-01-24,Fulham,Brighton,M Oliver,2,1,H,0,1,12,13,4,5,10,6,6,6,1,1,0,0,2025-26,EPL_2025-26.csv,15:00,2.54,3.42,2.71,2.6,3.5,2.75,2026-01-24 15:00:00,20260124_fulham_brighton,1,0,0,3.0,1,12.0,9.0,16.0,2.0
E0,2026-01-24,Man City,Wolves,F Hallam,2,0,H,2,0,11,11,4,1,16,14,4,6,1,3,0,0,2025-26,EPL_2025-26.csv,15:00,1.21,6.68,12.0,1.24,7.5,15.0,2026-01-24 15:00:00,20260124_mancity_wolves,1,0,0,2.0,0,10.0,5.0,30.0,4.0
E0,2026-01-24,Bournemouth,Liverpool,M Salisbury,3,2,H,2,1,12,14,5,4,7,7,3,11,1,1,0,0,2025-26,EPL_2025-26.csv,17:30,3.73,3.87,1.89,3.85,4.0,1.92,2026-01-24 17:30:00,20260124_bournemouth_liverpool,1,0,0,5.0,1,14.0,9.0,14.0,2.0
E0,2026-01-25,Newcastle,Aston Villa,J Gillett,0,2,A,0,1,15,14,4,8,7,12,6,5,1,2,0,0,2025-26,EPL_2025-26.csv,14:00,1.98,3.66,3.54,2.02,3.8,3.7,2026-01-25 14:00:00,20260125_newcastle_astonvilla,0,0,1,2.0,0,11.0,12.0,19.0,3.0
E0,2026-01-25,Brentford,Nott'm Forest,S Barrott,0,2,A,0,1,10,7,1,2,11,10,6,5,1,0,0,0,2025-26,EPL_2025-26.csv,14:00,1.9,3.49,4.02,1.95,3.6,4.35,2026-01-25 14:00:00,20260125_brentford_nott'mforest,0,0,1,2.0,0,11.0,3.0,21.0,1.0
E0,2026-01-25,Crystal Palace,Chelsea,D England,1,3,A,0,1,13,10,7,6,11,10,4,5,2,2,1,0,2025-26,EPL_2025-26.csv,14:00,3.5,3.66,2.0,3.65,3.8,2.05,2026-01-25 14:00:00,20260125_crystalpalace_chelsea,0,0,1,4.0,1,9.0,13.0,21.0,5.0
E0,2026-01-25,Arsenal,Man United,C Pawson,2,3,A,1,1,15,10,4,3,11,9,9,2,2,0,0,0,2025-26,EPL_2025-26.csv,16:30,1.55,4.08,5.89,1.6,4.2,6.4,2026-01-25 16:30:00,20260125_arsenal_manunited,0,0,1,5.0,1,11.0,7.0,20.0,2.0
